Signal,RMS_Clean,RMS_LowNoise,RMS_HighNoise,P2P_Clean,P2P_HighNoise,Degradation_Pct
Sine1Hz,0.706753139363385,0.713402648271348,0.872991195839947,1.99999752765719,4.57243030154851,23.5213750343299
Sine5Hz,0.706753139363385,0.715625016560622,0.843358007844787,1.99999752765719,4.95065251584551,19.3285124427534
Sine10Hz,0.706753139363385,0.715694623098824,0.876050578086601,1.99999752765719,4.76474142270006,23.9542535142769
Square1Hz,0.999499874937461,1.00644917282479,1.1414381670367,2,5.15738297091359,14.2009314516541
Square5Hz,0.999499874937461,1.00144945843002,1.11711784350522,2,5.07441575221966,11.7676821695571
Square10Hz,0.999499874937461,1.0009699536945,1.12986330264491,2,5.29883630755664,13.042865834836
Tri1Hz,0.577927908422842,0.581577230569283,0.770008351583082,1.997997997998,4.32384824642781,33.2360559787509
Tri5Hz,0.577927908422842,0.591119429488431,0.775477116132873,1.997997997998,5.04091326308332,34.182327039568
Tri10Hz,0.577927908422841,0.589115374561217,0.74447786309802,1.997997997998,4.79115260207306,28.8184654604571
